data,predict,target
07,CARDINAL,DIGIT
SPEAK,LETTERS,PLAIN
OAM,PLAIN,LETTERS
RIFTHP,PLAIN,LETTERS
ptx,LETTERS,VERBATIM
RISC,LETTERS,PLAIN
ORAC,LETTERS,PLAIN
SES,PLAIN,LETTERS
I,PLAIN,CARDINAL
r,PLAIN,LETTERS
1904,DATE,CARDINAL
zkp,PLAIN,LETTERS
Dy,PLAIN,LETTERS
Cik,PLAIN,LETTERS
1978,DATE,CARDINAL
283,CARDINAL,DECIMAL
2,CARDINAL,DIGIT
NOW's,LETTERS,PLAIN
A,LETTERS,PLAIN
1029's,DIGIT,DATE
USTED,LETTERS,PLAIN
3300,CARDINAL,DIGIT
PISSLRE,PLAIN,LETTERS
2012,DATE,CARDINAL
2011,DATE,CARDINAL
Cen,PLAIN,LETTERS
Ke,PLAIN,LETTERS
Ymer,PLAIN,LETTERS
HEAO,PLAIN,LETTERS
uncu,PLAIN,LETTERS
WO,LETTERS,PLAIN
dir,PLAIN,LETTERS
jkde,PLAIN,LETTERS
OIS,PLAIN,LETTERS
1942,DATE,CARDINAL
PRIMJENI,PLAIN,LETTERS
kr,PLAIN,LETTERS
IRMA,LETTERS,PLAIN
Wim,PLAIN,LETTERS
8123,CARDINAL,DIGIT
911,CARDINAL,TELEPHONE
Zhe,PLAIN,LETTERS
SEL,PLAIN,LETTERS
MT,LETTERS,PLAIN
Bibl,PLAIN,LETTERS
2008,DATE,CARDINAL
Imp,LETTERS,PLAIN
FAUD,LETTERS,PLAIN
41,CARDINAL,DIGIT
SIFO,PLAIN,LETTERS
1000,DIGIT,CARDINAL
F,LETTERS,PLAIN
ETSU,LETTERS,PLAIN
Wau,PLAIN,LETTERS
5,CARDINAL,DIGIT
LOM,PLAIN,LETTERS
Ves,PLAIN,LETTERS
IUA,PLAIN,LETTERS
SUGARLAND,LETTERS,PLAIN
0907318037,TELEPHONE,DIGIT
MR,LETTERS,PLAIN
UT,LETTERS,PLAIN
Vrsac,PLAIN,LETTERS
V.,LETTERS,ORDINAL
Asar,PLAIN,LETTERS
srpskih,PLAIN,LETTERS
MANIKESVARA,PLAIN,LETTERS
2,DIGIT,CARDINAL
80,CARDINAL,DECIMAL
1995,DATE,CARDINAL
106,CARDINAL,DECIMAL
22624 / 23,TELEPHONE,FRACTION
IoT,PLAIN,LETTERS
AKI,LETTERS,PLAIN
Rara,PLAIN,LETTERS
nayyir,PLAIN,LETTERS
1926,DATE,CARDINAL
TACP,PLAIN,LETTERS
SUBORD,PLAIN,LETTERS
PREMIS,PLAIN,LETTERS
Seok,PLAIN,LETTERS
WOU,PLAIN,LETTERS
I 001,MONEY,ADDRESS
WIKINOTICIAS,PLAIN,LETTERS
eTOM,LETTERS,PLAIN
STANAVFORLANT,PLAIN,LETTERS
AGIn,LETTERS,PLAIN
Ecma,PLAIN,LETTERS
Viimsi,PLAIN,LETTERS
Idzi,LETTERS,PLAIN
Eum,PLAIN,LETTERS
2002,DATE,CARDINAL
KUZHE,PLAIN,LETTERS
J,LETTERS,PLAIN
Bn,PLAIN,VERBATIM
Es,LETTERS,PLAIN
Kléber,PLAIN,LETTERS
A,LETTERS,PLAIN
UIL,PLAIN,LETTERS
FRA,LETTERS,PLAIN
1,DIGIT,CARDINAL
1925,CARDINAL,DATE
ADusa,LETTERS,PLAIN
NOUL,PLAIN,LETTERS
f,LETTERS,PLAIN
AOA,PLAIN,LETTERS
402,CARDINAL,DIGIT
AISI,LETTERS,PLAIN
LiAZ-,PLAIN,LETTERS
1963,CARDINAL,DATE
Cia,PLAIN,LETTERS
Suat,PLAIN,LETTERS
CORBA,LETTERS,PLAIN
1009,DATE,DIGIT
Barh,PLAIN,LETTERS
ERCIM,PLAIN,LETTERS
Soe,PLAIN,LETTERS
"100,000 dollar",MEASURE,MONEY
Oiso,PLAIN,LETTERS
1939,CARDINAL,DATE
Llerg,PLAIN,LETTERS
2011,DATE,DIGIT
niqw,PLAIN,LETTERS
17441692.2013,CARDINAL,DECIMAL
Atos,PLAIN,LETTERS
LOWSS,PLAIN,LETTERS
P,LETTERS,PLAIN
V,PLAIN,CARDINAL
925,CARDINAL,DECIMAL
GaGa,LETTERS,PLAIN
PALASKHEDE,PLAIN,LETTERS
Jio's,PLAIN,LETTERS
IM,PLAIN,LETTERS
2005,DATE,CARDINAL
HOCLNL,PLAIN,LETTERS
VEN,LETTERS,PLAIN
JOOTS,PLAIN,LETTERS
xmp,PLAIN,LETTERS
SY,LETTERS,PLAIN
WHA,LETTERS,PLAIN
ETC,LETTERS,PLAIN
8218,DIGIT,CARDINAL
ngad,PLAIN,LETTERS
p,LETTERS,PLAIN
1989,DATE,CARDINAL
Nyaya,LETTERS,PLAIN
a'r,PLAIN,LETTERS
Paarl,PLAIN,LETTERS
14,CARDINAL,DIGIT
Myo,PLAIN,LETTERS
1907,DATE,CARDINAL
cGMP,LETTERS,VERBATIM
1027,DIGIT,DATE
ius,PLAIN,LETTERS
Makk,PLAIN,LETTERS
Var,PLAIN,LETTERS
v,PLAIN,LETTERS
VOCAL,LETTERS,PLAIN
Msida,PLAIN,LETTERS
2,CARDINAL,DECIMAL
MR,LETTERS,PLAIN
49,CARDINAL,DECIMAL
SMERSH,LETTERS,PLAIN
Eg,PLAIN,LETTERS
Kafr,PLAIN,LETTERS
MT,LETTERS,PLAIN
NAMA,PLAIN,LETTERS
PEA,LETTERS,PLAIN
ICA,LETTERS,PLAIN
Vix,PLAIN,LETTERS
2006,DATE,CARDINAL
TRE,PLAIN,LETTERS
19,CARDINAL,DIGIT
RAA,PLAIN,LETTERS
SESARAM,PLAIN,LETTERS
Revd,PLAIN,LETTERS
GLAD,LETTERS,PLAIN
Srcc,PLAIN,VERBATIM
-,PUNCT,PLAIN
tpg,PLAIN,LETTERS
AH,PLAIN,LETTERS
x,LETTERS,PLAIN
Koks,PLAIN,LETTERS
Phys,PLAIN,LETTERS
1999,DATE,CARDINAL
cv,LETTERS,VERBATIM
Eois,PLAIN,LETTERS
D,PLAIN,LETTERS
D,LETTERS,PLAIN
2008,CARDINAL,DATE
PASADENA,LETTERS,PLAIN
WARM,LETTERS,PLAIN
Susq,PLAIN,LETTERS
WK,LETTERS,PLAIN
NALS,PLAIN,LETTERS
ng,PLAIN,LETTERS
KATU,LETTERS,PLAIN
PAFTAD,PLAIN,LETTERS
Hol,PLAIN,LETTERS
FACCo's,LETTERS,PLAIN
677,CARDINAL,DIGIT
Siv,PLAIN,LETTERS
2013,CARDINAL,DATE
Erk,LETTERS,PLAIN
13458,DIGIT,CARDINAL
II,CARDINAL,ORDINAL
Bia,LETTERS,PLAIN
3,CARDINAL,DIGIT
Whyld,PLAIN,LETTERS
EAC,PLAIN,LETTERS
Var,PLAIN,LETTERS
pt,PLAIN,LETTERS
abc,PLAIN,LETTERS
esp,LETTERS,PLAIN
gli,PLAIN,LETTERS
2,CARDINAL,DIGIT
asum,LETTERS,PLAIN
XU,PLAIN,LETTERS
b,LETTERS,PLAIN
U,LETTERS,PLAIN
Akt,PLAIN,LETTERS
ij,PLAIN,LETTERS
Fadl,PLAIN,LETTERS
ARTROM,PLAIN,LETTERS
2009,DATE,CARDINAL
ZnO,VERBATIM,LETTERS
cdcd,PLAIN,VERBATIM
Magd,PLAIN,LETTERS
EMET,LETTERS,PLAIN
2061,DATE,DIGIT
QEII,PLAIN,LETTERS
ABBA's,LETTERS,PLAIN
p,PLAIN,LETTERS
atyu,PLAIN,LETTERS
sik,PLAIN,LETTERS
2013,DATE,CARDINAL
LL,LETTERS,PLAIN
KOP,PLAIN,LETTERS
OYUN,LETTERS,PLAIN
plx,PLAIN,LETTERS
HO,PLAIN,LETTERS
nt,LETTERS,VERBATIM
Kuwu,LETTERS,PLAIN
ISI,LETTERS,PLAIN
HONORIS,PLAIN,LETTERS
INDEST,PLAIN,LETTERS
1983,DATE,CARDINAL
2,CARDINAL,DIGIT
SAAT,PLAIN,LETTERS
Iti,PLAIN,LETTERS
EDDIE,LETTERS,PLAIN
2007,CARDINAL,DATE
IDA,LETTERS,PLAIN
OA,LETTERS,PLAIN
2013,CARDINAL,DATE
Upo,PLAIN,LETTERS
CMOS,LETTERS,PLAIN
niet,PLAIN,LETTERS
"10, December ",MEASURE,DATE
Oetje,PLAIN,LETTERS
jiaoyu,PLAIN,LETTERS
2001,DATE,CARDINAL
Jil,PLAIN,LETTERS
HeJ,PLAIN,LETTERS
DAVID,LETTERS,PLAIN
Aed,PLAIN,LETTERS
2002,DATE,CARDINAL
I,PLAIN,ORDINAL
Arzt,PLAIN,LETTERS
Macc,PLAIN,LETTERS
85,DIGIT,CARDINAL
JOOI,PLAIN,LETTERS
Mbiti,PLAIN,LETTERS
Paasa,PLAIN,LETTERS
2008,DATE,CARDINAL
vez,PLAIN,LETTERS
Zvi,PLAIN,LETTERS
v,PLAIN,LETTERS
ORGANIC,LETTERS,PLAIN
n,LETTERS,PLAIN
IR,PLAIN,LETTERS
AWA,PLAIN,LETTERS
ERAD,PLAIN,LETTERS
PES,PLAIN,LETTERS
Hek,PLAIN,LETTERS
Fs,PLAIN,LETTERS
236,CARDINAL,DECIMAL
w,PLAIN,LETTERS
SED,PLAIN,LETTERS
Maegd,PLAIN,LETTERS
OLAYI,PLAIN,LETTERS
SYSMODS,PLAIN,LETTERS
SEARC,PLAIN,LETTERS
20141104,DIGIT,CARDINAL
rsssf,PLAIN,VERBATIM
MOTM,PLAIN,LETTERS
IVI,LETTERS,PLAIN
Ife,PLAIN,LETTERS
BATTLE,PLAIN,LETTERS
LACoFD,PLAIN,LETTERS
TVhttp,PLAIN,VERBATIM
SMtv,LETTERS,VERBATIM
Ifa,PLAIN,LETTERS
Kaj,PLAIN,LETTERS
FALRET,PLAIN,LETTERS
Lviv,PLAIN,LETTERS
Bws,PLAIN,VERBATIM
RUMANIAN,PLAIN,LETTERS
Nzz.chGoogle,PLAIN,ELECTRONIC
BAS,PLAIN,LETTERS
Piz,PLAIN,LETTERS
kaj,PLAIN,LETTERS
5-,CARDINAL,DIGIT
Wer,PLAIN,LETTERS
MUC,PLAIN,LETTERS
ulmi,PLAIN,LETTERS
Muic,PLAIN,LETTERS
Ol,PLAIN,LETTERS
Klou,PLAIN,LETTERS
Myx,PLAIN,LETTERS
cx,LETTERS,VERBATIM
ROSSEM,PLAIN,LETTERS
Ith,PLAIN,LETTERS
dm,PLAIN,LETTERS
1981,DATE,CARDINAL
rrl,LETTERS,VERBATIM
j,PLAIN,LETTERS
Nis,PLAIN,LETTERS
NACIONALIDAD,PLAIN,LETTERS
Lemn,PLAIN,LETTERS
GENERALBYE,PLAIN,LETTERS
2012,CARDINAL,DATE
mld,PLAIN,LETTERS
r,PLAIN,LETTERS
1924,DIGIT,DATE
Symp,PLAIN,LETTERS
Lidl,PLAIN,LETTERS
Lun,PLAIN,LETTERS
MASN,PLAIN,LETTERS
10,CARDINAL,DECIMAL
XAT,PLAIN,LETTERS
Wau,PLAIN,LETTERS
Udde,PLAIN,LETTERS
SOE,PLAIN,LETTERS
258,DIGIT,CARDINAL
TSE,LETTERS,PLAIN
1950,DATE,CARDINAL
ASIC,LETTERS,PLAIN
CY,LETTERS,PLAIN
0,CARDINAL,DIGIT
II,CARDINAL,ORDINAL
100,CARDINAL,DIGIT
z,PLAIN,LETTERS
Imru,PLAIN,LETTERS
sir,LETTERS,PLAIN
Rnb,PLAIN,VERBATIM
ThSK,LETTERS,VERBATIM
vroma.orgTaurobolium,PLAIN,ELECTRONIC
PCS,LETTERS,PLAIN
Inf,PLAIN,LETTERS
2000,DATE,CARDINAL
NIS,PLAIN,LETTERS
Sata,PLAIN,LETTERS
ADMIRED,LETTERS,PLAIN
1996,DIGIT,DATE
TWICE,LETTERS,PLAIN
2000,DATE,DIGIT
ACE'd,PLAIN,LETTERS
INFORMATIVO,PLAIN,LETTERS
11.00 AM,DATE,TIME
shp,PLAIN,VERBATIM
a,LETTERS,PLAIN
n,PLAIN,LETTERS
Yaotl,PLAIN,LETTERS
2061,CARDINAL,DATE
n,LETTERS,PLAIN
2000,DATE,CARDINAL
esp,LETTERS,PLAIN
INTERVICT,PLAIN,LETTERS
AB,PLAIN,LETTERS
BEPS,PLAIN,LETTERS
NU,PLAIN,LETTERS
Biao's,PLAIN,LETTERS
ODEBO,PLAIN,LETTERS
6061-,CARDINAL,DIGIT
NoSQL,PLAIN,LETTERS
SATA,PLAIN,LETTERS
p,PLAIN,LETTERS
BIG,LETTERS,PLAIN
eVUTM,PLAIN,LETTERS
BeO,PLAIN,LETTERS
TEKAN,PLAIN,LETTERS
Kom,PLAIN,LETTERS
AGPIIIt,PLAIN,LETTERS
21104,DIGIT,CARDINAL
Radd,PLAIN,LETTERS
w,LETTERS,PLAIN
DOCH,PLAIN,LETTERS
EEG,LETTERS,PLAIN
N,LETTERS,PLAIN
Ve,PLAIN,LETTERS
PICUS,LETTERS,PLAIN
WRAP,LETTERS,PLAIN
ARSO,PLAIN,LETTERS
JEA,PLAIN,LETTERS
neé,PLAIN,LETTERS
Isen,PLAIN,LETTERS
Lah,PLAIN,LETTERS
OAM,PLAIN,LETTERS
XV,LETTERS,CARDINAL
5,DIGIT,CARDINAL
STUFF,LETTERS,PLAIN
peu,PLAIN,LETTERS
-,PLAIN,VERBATIM
Lih,PLAIN,LETTERS
031106280226,TELEPHONE,DIGIT
Det,PLAIN,LETTERS
D,LETTERS,PLAIN
L,LETTERS,PLAIN
km,LETTERS,VERBATIM
Aza,LETTERS,PLAIN
Tok,PLAIN,LETTERS
NU's,LETTERS,PLAIN
"14,662.9",CARDINAL,DECIMAL
NiP,LETTERS,PLAIN
MOS,PLAIN,LETTERS
Uta,PLAIN,LETTERS
Xop,PLAIN,LETTERS
AHIGS,PLAIN,LETTERS
Kuol,PLAIN,LETTERS
CRISPR,PLAIN,LETTERS
MULUNG,PLAIN,LETTERS
2013,DATE,CARDINAL
als,PLAIN,LETTERS
ACU,PLAIN,LETTERS
999,CARDINAL,TELEPHONE
Yok,PLAIN,LETTERS
1,CARDINAL,DIGIT
jn,PLAIN,LETTERS
-,PLAIN,VERBATIM
APSE,LETTERS,PLAIN
Dirs,PLAIN,LETTERS
Kuhnl,PLAIN,LETTERS
h,PLAIN,LETTERS
II,CARDINAL,ORDINAL
hwan,PLAIN,LETTERS
EDEN,LETTERS,PLAIN
SOB,LETTERS,PLAIN
A,LETTERS,PLAIN
z,LETTERS,PLAIN
UT,LETTERS,PLAIN
III's,ORDINAL,LETTERS
UNESDOC,PLAIN,LETTERS
ol,PLAIN,LETTERS
SILENCIOSO,PLAIN,LETTERS
2007,DATE,CARDINAL
Aci,PLAIN,LETTERS
Liiga,PLAIN,LETTERS
ieri,PLAIN,LETTERS
-,PLAIN,VERBATIM
KAMUAR,PLAIN,LETTERS
igra,LETTERS,PLAIN
Rin,PLAIN,LETTERS
2015,DATE,DIGIT
hoofd,PLAIN,LETTERS
aici,PLAIN,LETTERS
IX,PLAIN,ORDINAL
HE,LETTERS,PLAIN
Kom,PLAIN,LETTERS
MI,PLAIN,LETTERS
2006,DATE,CARDINAL
MOE's,LETTERS,PLAIN
BAZ,LETTERS,PLAIN
c,LETTERS,PLAIN
23ML,CARDINAL,MEASURE
Nimr,PLAIN,LETTERS
MUNTING,PLAIN,LETTERS
QUANJIAN,PLAIN,LETTERS
MT,LETTERS,PLAIN
2011,DATE,DIGIT
Enes,PLAIN,LETTERS
-,VERBATIM,PLAIN
g,PLAIN,LETTERS
WO,LETTERS,PLAIN
Riml,PLAIN,LETTERS
4,DIGIT,CARDINAL
1918,DATE,CARDINAL
00-1,DIGIT,TELEPHONE
Akwa,LETTERS,PLAIN
FEALAC,PLAIN,LETTERS
v,PLAIN,LETTERS
geki,PLAIN,LETTERS
X,PLAIN,CARDINAL
209Th,MEASURE,ORDINAL
hvad,PLAIN,LETTERS
10.00am,MEASURE,TIME
2010,DATE,DIGIT
SIPs,LETTERS,PLAIN
2008,CARDINAL,DATE
Kfirs,PLAIN,LETTERS
SA's,LETTERS,PLAIN
EO,PLAIN,LETTERS
Ruy,PLAIN,LETTERS
X,PLAIN,ORDINAL
1969,DATE,CARDINAL
REBRs,PLAIN,LETTERS
MU,PLAIN,LETTERS
AVRO,LETTERS,PLAIN
DAB,PLAIN,LETTERS
1996,DATE,CARDINAL
Diacu,PLAIN,LETTERS
xxb,LETTERS,VERBATIM
EDAR,PLAIN,LETTERS
RAPD,PLAIN,LETTERS
STIS,PLAIN,LETTERS
GOL,PLAIN,LETTERS
WOLKOWYSKA,PLAIN,LETTERS
Smer,PLAIN,LETTERS
soi,PLAIN,LETTERS
970,CARDINAL,DIGIT
1913,DIGIT,DATE
DIALOG,LETTERS,PLAIN
Sabr,PLAIN,LETTERS
8,CARDINAL,DECIMAL
Mih,PLAIN,LETTERS
Hjalm,PLAIN,LETTERS
UQ,PLAIN,LETTERS
p,PLAIN,LETTERS
Zus,PLAIN,LETTERS
MEU,PLAIN,LETTERS
sm,LETTERS,PLAIN
KLUB,LETTERS,PLAIN
Rmxs,PLAIN,VERBATIM
nw,PLAIN,LETTERS
ASQ,PLAIN,LETTERS
OJ,PLAIN,LETTERS
1775,DATE,CARDINAL
kak,PLAIN,LETTERS
U'Ren,LETTERS,PLAIN
yne,PLAIN,LETTERS
plts,PLAIN,VERBATIM
Fai,PLAIN,LETTERS
Asindhttp,PLAIN,LETTERS
12345,DIGIT,CARDINAL
Amli,PLAIN,LETTERS
I,PLAIN,ORDINAL
Raq,PLAIN,LETTERS
FDIC,LETTERS,PLAIN
ERJ,PLAIN,LETTERS
A,LETTERS,PLAIN
Oper,PLAIN,LETTERS
Isia,PLAIN,LETTERS
I,PLAIN,ORDINAL
800 million yrs,MONEY,MEASURE
Os,PLAIN,LETTERS
Secu,PLAIN,LETTERS
Ahe's,PLAIN,LETTERS
1444,DATE,DIGIT
ASKO,LETTERS,PLAIN
x,PLAIN,LETTERS
DOMREP,PLAIN,LETTERS
Norrissports-reference.com,PLAIN,ELECTRONIC
1910,CARDINAL,DATE
v,PLAIN,LETTERS
p,LETTERS,PLAIN
1,DIGIT,CARDINAL
LABAs,LETTERS,PLAIN
2290,CARDINAL,DIGIT
Iste,PLAIN,LETTERS
1991,DATE,CARDINAL
ENGLISH,LETTERS,PLAIN
quicc,PLAIN,LETTERS
101 ,CARDINAL,DIGIT
Cadw,PLAIN,LETTERS
1,CARDINAL,DIGIT
NICAD,LETTERS,PLAIN
UPS,PLAIN,LETTERS
1999,CARDINAL,DATE
Oudh,PLAIN,LETTERS
10,CARDINAL,DIGIT
6,DIGIT,CARDINAL
Mswt,LETTERS,VERBATIM
Beitr,PLAIN,LETTERS
TEU,PLAIN,LETTERS
Kteh,PLAIN,LETTERS
EOL,PLAIN,LETTERS
Svi,PLAIN,LETTERS
2013,CARDINAL,DATE
SOS,PLAIN,LETTERS
Lae,PLAIN,LETTERS
Coe's,PLAIN,LETTERS
LIP,PLAIN,LETTERS
ING,LETTERS,PLAIN
ESSJa,LETTERS,PLAIN
Dubh,PLAIN,LETTERS
APR,LETTERS,PLAIN
UNAVEM,PLAIN,LETTERS
PLA,LETTERS,PLAIN
1996,DATE,CARDINAL
p,PLAIN,LETTERS
RESULTIN,PLAIN,LETTERS
UCAM,LETTERS,PLAIN
Kayu,PLAIN,LETTERS
GREAT,LETTERS,PLAIN
cdf,VERBATIM,LETTERS
Oyj,PLAIN,LETTERS
DJERZELEZ,PLAIN,LETTERS
HASDER,PLAIN,LETTERS
Fu'ad,PLAIN,LETTERS
GER,PLAIN,LETTERS
p,PLAIN,LETTERS
SEMTA,PLAIN,LETTERS
VISTA,LETTERS,PLAIN
L,LETTERS,PLAIN
w,LETTERS,PLAIN
1990,DATE,CARDINAL
2011,CARDINAL,DATE
1999,DATE,CARDINAL
1999,DATE,CARDINAL
1,CARDINAL,DIGIT
SPIN,LETTERS,PLAIN
1941,DATE,CARDINAL
Thos,PLAIN,LETTERS
I,PLAIN,CARDINAL
Ans,PLAIN,LETTERS
Uniao,PLAIN,LETTERS
123,CARDINAL,DECIMAL
999,CARDINAL,TELEPHONE
reu,PLAIN,LETTERS
Asao,PLAIN,LETTERS
ZE,LETTERS,PLAIN
WeltN,PLAIN,LETTERS
-,PUNCT,PLAIN
KIYOKAWA,PLAIN,LETTERS
Aj,PLAIN,LETTERS
Nis,PLAIN,LETTERS
Fyn,PLAIN,LETTERS
-,PUNCT,PLAIN
1947,DATE,CARDINAL
2012,DATE,DIGIT
52037.692,ELECTRONIC,DECIMAL
apos,PLAIN,LETTERS
R,LETTERS,PLAIN
Smad,PLAIN,LETTERS
Pe'er,LETTERS,PLAIN
OAM,PLAIN,LETTERS
1975,CARDINAL,DATE
SYROBONKERS,PLAIN,LETTERS
Ovre,PLAIN,LETTERS
als,PLAIN,LETTERS
lbw,PLAIN,VERBATIM
Toh,PLAIN,LETTERS
Y'tll,PLAIN,LETTERS
TAFEs,PLAIN,LETTERS
dj,PLAIN,LETTERS
ROF,PLAIN,LETTERS
Huo,PLAIN,LETTERS
bij,PLAIN,LETTERS
dc,LETTERS,VERBATIM
Heos,PLAIN,LETTERS
Koe,PLAIN,LETTERS
ANCE,LETTERS,PLAIN
v,PLAIN,LETTERS
viii,PLAIN,LETTERS
Wol,PLAIN,LETTERS
OL,PLAIN,LETTERS
MTN,LETTERS,PLAIN
g,PLAIN,LETTERS
GEOM,PLAIN,LETTERS
Narcz,PLAIN,LETTERS
Lemn,PLAIN,LETTERS
5,CARDINAL,DIGIT
DMnn,PLAIN,VERBATIM
Ilm,PLAIN,LETTERS
lnot,PLAIN,LETTERS
.5-3754,TELEPHONE,VERBATIM
84,CARDINAL,DIGIT
V,PLAIN,ORDINAL
Cwiok,PLAIN,LETTERS
Uku,LETTERS,PLAIN
SAEs,PLAIN,LETTERS
FREBAULT,PLAIN,LETTERS
N,LETTERS,PLAIN
tr,PLAIN,LETTERS
42,CARDINAL,DIGIT
LULAC,LETTERS,PLAIN
5,DIGIT,CARDINAL
EST,LETTERS,PLAIN
NITRO,LETTERS,PLAIN
LAD,PLAIN,LETTERS
SOX,PLAIN,LETTERS
v,LETTERS,PLAIN
ITA,LETTERS,PLAIN
APP,LETTERS,PLAIN
3,CARDINAL,DIGIT
8,CARDINAL,DIGIT
Liias,PLAIN,LETTERS
OHR,LETTERS,PLAIN
B,LETTERS,PLAIN
Eotvos,PLAIN,LETTERS
2008,DATE,CARDINAL
Ktav,PLAIN,LETTERS
AIME,LETTERS,PLAIN
EBSCO,LETTERS,PLAIN
60 yen,MEASURE,MONEY
hs,PLAIN,LETTERS
Sno,PLAIN,LETTERS
vBA,VERBATIM,LETTERS
Kiur,PLAIN,LETTERS
sl,PLAIN,VERBATIM
teh,PLAIN,LETTERS
1918,CARDINAL,DATE
Bew,PLAIN,LETTERS
I,CARDINAL,PLAIN
I'm,LETTERS,PLAIN
Vict,PLAIN,LETTERS
RM,LETTERS,PLAIN
Iru,PLAIN,LETTERS
guinnessworldrecords.comGuinness,PLAIN,ELECTRONIC
Ibsa,PLAIN,LETTERS
2003,DATE,CARDINAL
2009,CARDINAL,DATE
br,PLAIN,LETTERS
DILG,LETTERS,PLAIN
OsZIP,LETTERS,PLAIN
1,DIGIT,CARDINAL
TIR,PLAIN,LETTERS
sucD,PLAIN,LETTERS
-,PLAIN,VERBATIM
1861,DATE,CARDINAL
A,LETTERS,PLAIN
2015,CARDINAL,DATE
2009,DATE,CARDINAL
Tadg,PLAIN,LETTERS
SMACS,PLAIN,LETTERS
OHL,LETTERS,PLAIN
APPIC,LETTERS,PLAIN
CaII,LETTERS,PLAIN
vom,PLAIN,LETTERS
219 ,CARDINAL,DIGIT
deg,PLAIN,LETTERS
1975,DIGIT,CARDINAL
OOPSLA,PLAIN,LETTERS
T,LETTERS,PLAIN
NUMSA,PLAIN,LETTERS
vlg,PLAIN,VERBATIM
Srpski,PLAIN,LETTERS
THOG,PLAIN,LETTERS
4MN,TIME,MEASURE
CEQUIN,PLAIN,LETTERS
a,LETTERS,PLAIN
bcg,PLAIN,LETTERS
dy,PLAIN,LETTERS
MOELCI,PLAIN,LETTERS
3,DIGIT,CARDINAL
Ssu,PLAIN,LETTERS
2001,CARDINAL,DATE
1,DIGIT,CARDINAL
wrc,LETTERS,VERBATIM
Io,PLAIN,LETTERS
viaq,PLAIN,LETTERS
Nur,PLAIN,LETTERS
Rgt,PLAIN,VERBATIM
29,DIGIT,CARDINAL
eins,PLAIN,LETTERS
05,CARDINAL,DIGIT
SOFTEC,LETTERS,PLAIN
PL,LETTERS,PLAIN
ISKCON,LETTERS,PLAIN
SEOUL,PLAIN,LETTERS
maa,PLAIN,LETTERS
2,CARDINAL,DIGIT
H,LETTERS,PLAIN
ANT,LETTERS,PLAIN
Qu,PLAIN,LETTERS
TAFSSP,PLAIN,LETTERS
2,CARDINAL,DIGIT
IV,LETTERS,CARDINAL
1993,CARDINAL,DATE
2012,DATE,CARDINAL
ISSI,LETTERS,PLAIN
2000,DATE,CARDINAL
a,PLAIN,LETTERS
Née,LETTERS,PLAIN
CRISP,LETTERS,PLAIN
Cu,PLAIN,LETTERS
Abad,LETTERS,PLAIN
Dvl,PLAIN,VERBATIM
Kabr,PLAIN,LETTERS
Nabao,PLAIN,LETTERS
PRO,LETTERS,PLAIN
EMBRAPA,PLAIN,LETTERS
Eins,PLAIN,LETTERS
Reestr,PLAIN,LETTERS
KAKT,PLAIN,LETTERS
241,CARDINAL,DIGIT
lbf,LETTERS,VERBATIM
2013,DATE,CARDINAL
RACAR,PLAIN,LETTERS
Aayat,PLAIN,LETTERS
M,LETTERS,PLAIN
TRACS,PLAIN,LETTERS
II's,LETTERS,ORDINAL
x,PLAIN,LETTERS
APSA,LETTERS,PLAIN
UKIRA,PLAIN,LETTERS
K,LETTERS,PLAIN
Michx,PLAIN,LETTERS
OPALS,LETTERS,PLAIN
x,LETTERS,PLAIN
xo,PLAIN,LETTERS
Mro,PLAIN,LETTERS
SAMPEX,PLAIN,LETTERS
FEMM,PLAIN,LETTERS
fase,PLAIN,LETTERS
MemSQL,PLAIN,LETTERS
2007,CARDINAL,DATE
429,CARDINAL,DECIMAL
ASAE,PLAIN,LETTERS
EKOS,LETTERS,PLAIN
Bei,PLAIN,LETTERS
1919,CARDINAL,DATE
1000,DATE,DIGIT
RAFGSA,PLAIN,LETTERS
VI,PLAIN,CARDINAL
LAMDA,LETTERS,PLAIN
2011,DATE,DIGIT
mcen,PLAIN,LETTERS
2011,DATE,CARDINAL
BASCO,LETTERS,PLAIN
c,LETTERS,PLAIN
59,CARDINAL,DIGIT
1055,DATE,CARDINAL
MUBi,LETTERS,PLAIN
wOBA,LETTERS,PLAIN
2010,DATE,DIGIT
SES,PLAIN,LETTERS
INCA,LETTERS,PLAIN
Beszéd,PLAIN,LETTERS
Dvor,PLAIN,LETTERS
GROND,PLAIN,LETTERS
L,LETTERS,PLAIN
Osro,PLAIN,LETTERS
légua,LETTERS,PLAIN
Mnie,PLAIN,LETTERS
CODOG,PLAIN,LETTERS
Dodt,PLAIN,LETTERS
X,PLAIN,CARDINAL
ORS,LETTERS,PLAIN
EFIKA,LETTERS,PLAIN
Sek,PLAIN,LETTERS
NaSTA,LETTERS,PLAIN
MOHAMMED,LETTERS,PLAIN
II,CARDINAL,PLAIN
e,LETTERS,PLAIN
Frhr,PLAIN,VERBATIM
Lwow,PLAIN,LETTERS
hHR,LETTERS,VERBATIM
Geok,PLAIN,LETTERS
l'un,LETTERS,PLAIN
DE,PLAIN,LETTERS
SES,PLAIN,LETTERS
Oti,PLAIN,LETTERS
Paea,PLAIN,LETTERS
1965,DATE,DIGIT
3,CARDINAL,DECIMAL
MT,LETTERS,PLAIN
gOS,LETTERS,PLAIN
10,CARDINAL,DIGIT
YR,LETTERS,PLAIN
Ol,PLAIN,LETTERS
2,DIGIT,CARDINAL
af,PLAIN,LETTERS
INC,LETTERS,PLAIN
1000,DIGIT,CARDINAL
Etak,PLAIN,LETTERS
joo's,PLAIN,LETTERS
1976,DATE,CARDINAL
pdf,VERBATIM,LETTERS
Osoe,PLAIN,LETTERS
TODO,PLAIN,LETTERS
Gjergj,PLAIN,LETTERS
VUM,PLAIN,LETTERS
1967,DATE,CARDINAL
UVA,LETTERS,PLAIN
RER,PLAIN,LETTERS
1936,DATE,CARDINAL
Nadzr,PLAIN,LETTERS
succ.veCaterina,PLAIN,ELECTRONIC
997 ,CARDINAL,DIGIT
BaclayonBanaoBariwBasudBayandongBongaBu,ELECTRONIC,PLAIN
BITEI,PLAIN,LETTERS
6,DIGIT,CARDINAL
IBN,LETTERS,PLAIN
1901,DATE,CARDINAL
ntv,LETTERS,VERBATIM
II,CARDINAL,PLAIN
1923,DATE,CARDINAL
COSIDER,PLAIN,LETTERS
ce,PLAIN,LETTERS
HIMYM,PLAIN,LETTERS
ALH,PLAIN,LETTERS
CHARLITO,PLAIN,LETTERS
1994,DATE,CARDINAL
2007,DATE,CARDINAL
1820,DIGIT,DATE
Ulwe,PLAIN,LETTERS
2011,CARDINAL,DATE
LIBRIS,LETTERS,PLAIN
Aone,PLAIN,LETTERS
Addl,PLAIN,LETTERS
Chac,PLAIN,LETTERS
2014,DATE,CARDINAL
MAQUINAS,PLAIN,LETTERS
2016,DATE,CARDINAL
SS.ma,LETTERS,ELECTRONIC
RUB,LETTERS,PLAIN
Aila,PLAIN,LETTERS
njo,PLAIN,LETTERS
Mpeve,PLAIN,LETTERS
zh,PLAIN,LETTERS
6,DIGIT,CARDINAL
Aamer,PLAIN,LETTERS
y,LETTERS,PLAIN
82,DIGIT,CARDINAL
ICA,LETTERS,PLAIN
PRO,LETTERS,PLAIN
OVNIs,LETTERS,PLAIN
svc,PLAIN,LETTERS
NAFA,LETTERS,PLAIN
CAGS,LETTERS,PLAIN
KNAUS,LETTERS,PLAIN
S,LETTERS,PLAIN
kr,PLAIN,LETTERS
Viv,LETTERS,PLAIN
Nkem,PLAIN,LETTERS
SAPAHAR,PLAIN,LETTERS
II,CARDINAL,ORDINAL
KE,PLAIN,LETTERS
Gru,PLAIN,LETTERS
WIOG,PLAIN,LETTERS
MUMC,PLAIN,LETTERS
CERES,LETTERS,PLAIN
ODOT,LETTERS,PLAIN
OP,LETTERS,PLAIN
DHARMA,LETTERS,PLAIN
X,LETTERS,PLAIN
IRAS,LETTERS,PLAIN
Waon,PLAIN,LETTERS
KAZAN,LETTERS,PLAIN
Lep,LETTERS,PLAIN
Edu,LETTERS,PLAIN
Koma,PLAIN,LETTERS
1913,DATE,CARDINAL
BLEU,LETTERS,PLAIN
izvoz,LETTERS,PLAIN
II,CARDINAL,ORDINAL
1972,DATE,DIGIT
1974,DATE,CARDINAL
nm,VERBATIM,LETTERS
RILP,PLAIN,LETTERS
KAC,PLAIN,LETTERS
XE,PLAIN,LETTERS
1800,DATE,DIGIT
URS,LETTERS,PLAIN
1983,DATE,CARDINAL
I,PLAIN,ORDINAL
STARTIO,PLAIN,LETTERS
I,PLAIN,ORDINAL
3444,DIGIT,CARDINAL
12,CARDINAL,DIGIT
Rn,PLAIN,VERBATIM
GELERA,PLAIN,LETTERS
SA's,LETTERS,PLAIN
Lviv,PLAIN,LETTERS
1110,DATE,DIGIT
Saaya,PLAIN,LETTERS
NAC,PLAIN,LETTERS
HiME,LETTERS,PLAIN
Syk,PLAIN,LETTERS
KARACSONY,PLAIN,LETTERS
Det,PLAIN,LETTERS
ECO,LETTERS,PLAIN
1957,CARDINAL,DATE
421137,CARDINAL,DIGIT
71277,CARDINAL,DIGIT
Bhag,PLAIN,LETTERS
6,CARDINAL,DIGIT
Omsk,PLAIN,LETTERS
dj,PLAIN,LETTERS
ulus,PLAIN,LETTERS
p,PLAIN,LETTERS
Dir,PLAIN,LETTERS
fml,PLAIN,VERBATIM
Ner,PLAIN,LETTERS
IVECO,LETTERS,PLAIN
AJAX,LETTERS,PLAIN
meu,PLAIN,LETTERS
Hemsl,PLAIN,LETTERS
Twar,PLAIN,LETTERS
paj,PLAIN,LETTERS
Jouy,PLAIN,LETTERS
FO,LETTERS,PLAIN
Fikr,PLAIN,LETTERS
Rie,PLAIN,LETTERS
V.,LETTERS,ORDINAL
2000,DATE,CARDINAL
100yr,ORDINAL,MEASURE
IU,PLAIN,LETTERS
2005,DATE,CARDINAL
Aigi,PLAIN,LETTERS
PEBL,PLAIN,LETTERS
ARIEL,PLAIN,LETTERS
Ska,PLAIN,LETTERS
ZO,PLAIN,LETTERS
FIDE's,PLAIN,LETTERS
2006,DATE,CARDINAL
EDD's,LETTERS,PLAIN
C,LETTERS,PLAIN
EMU,LETTERS,PLAIN
ESSEC,LETTERS,PLAIN
A,LETTERS,PLAIN
PUTERA-,PLAIN,LETTERS
1940,DATE,CARDINAL
ELINT,PLAIN,LETTERS
obci,PLAIN,LETTERS
1991,DATE,CARDINAL
Esam,PLAIN,LETTERS
OU,PLAIN,LETTERS
S,LETTERS,PLAIN
mei,LETTERS,PLAIN
6,CARDINAL,DIGIT
aaseae,PLAIN,LETTERS
1942,DATE,CARDINAL
SRIC,PLAIN,LETTERS
-,PUNCT,PLAIN
Rya'c,PLAIN,LETTERS
WHILE,LETTERS,PLAIN
NOCs,PLAIN,LETTERS
SINIGAGLIA,PLAIN,LETTERS
DfE,VERBATIM,LETTERS
BOGOSIAN,LETTERS,PLAIN
2007,DATE,CARDINAL
Avgi,PLAIN,LETTERS
1193,DATE,DIGIT
3,DIGIT,CARDINAL
QEII,PLAIN,LETTERS
DIMESA,PLAIN,LETTERS
4,CARDINAL,DIGIT
RARRES,PLAIN,LETTERS
1917,DATE,CARDINAL
ORC,LETTERS,PLAIN
Pidi,PLAIN,LETTERS
HAX,LETTERS,PLAIN
nien,LETTERS,PLAIN
FLAP,LETTERS,PLAIN
1922,DATE,CARDINAL
0.028316846592 mg/m3,ELECTRONIC,MEASURE
ORF,LETTERS,PLAIN
Nri,PLAIN,LETTERS
TRAP,PLAIN,LETTERS
a,PLAIN,LETTERS
HEKE,PLAIN,LETTERS
AM&A,PLAIN,LETTERS
MT,LETTERS,PLAIN
SPEC,LETTERS,PLAIN
ROCK,LETTERS,PLAIN
Bae,PLAIN,LETTERS
MADD,LETTERS,PLAIN
FOCUS,LETTERS,PLAIN
v,PLAIN,LETTERS
MEOR,PLAIN,LETTERS
5 degrees C,DATE,MEASURE
1965,DATE,CARDINAL
yr,LETTERS,PLAIN
SAML,PLAIN,LETTERS
2010,DATE,CARDINAL
AFCNo,PLAIN,LETTERS
1998,DATE,CARDINAL
LI,PLAIN,LETTERS
NYE,LETTERS,PLAIN
EAC,PLAIN,LETTERS
SCORE,LETTERS,PLAIN
~,VERBATIM,PLAIN
Oum,PLAIN,LETTERS
z,PLAIN,LETTERS
FICHA,PLAIN,LETTERS
VOGL,LETTERS,PLAIN
ARINC,PLAIN,LETTERS
Aage,PLAIN,LETTERS
Eje,PLAIN,LETTERS
2,CARDINAL,DIGIT
23,CARDINAL,DECIMAL
p,PLAIN,LETTERS
1,CARDINAL,DIGIT
BATAWANG,PLAIN,LETTERS
Asgje,PLAIN,LETTERS
WIKANA,PLAIN,LETTERS
Klov,PLAIN,LETTERS
CAFA,PLAIN,LETTERS
nevada,PLAIN,VERBATIM
EEP,PLAIN,LETTERS
2,CARDINAL,DIGIT
158,DIGIT,CARDINAL
ANGPTL,PLAIN,LETTERS
i,LETTERS,PLAIN
FEA,LETTERS,PLAIN
ECHELON,LETTERS,PLAIN
p,PLAIN,LETTERS
1795,DATE,CARDINAL
10642684-11-1-1,CARDINAL,TELEPHONE
fm,VERBATIM,LETTERS
MAs,PLAIN,LETTERS
jb,LETTERS,VERBATIM
NED,LETTERS,PLAIN
Nauk,PLAIN,LETTERS
PoW,LETTERS,PLAIN
Peroxiredoxin-,PLAIN,LETTERS
cmg,PLAIN,LETTERS
2015,DATE,CARDINAL
AVMA,LETTERS,PLAIN
1286,DATE,DIGIT
PHI,LETTERS,PLAIN
Iben,PLAIN,LETTERS
GODISNJA,PLAIN,LETTERS
K,LETTERS,PLAIN
cit,PLAIN,LETTERS
Prses,PLAIN,LETTERS
feet,PLAIN,VERBATIM
mss,PLAIN,LETTERS
GnRH,LETTERS,VERBATIM
Asu,PLAIN,LETTERS
GER,PLAIN,LETTERS
1979,DATE,CARDINAL
Asn,PLAIN,LETTERS
CY,LETTERS,PLAIN
1,DIGIT,CARDINAL
Fnac,PLAIN,LETTERS
ESSA,LETTERS,PLAIN
népek,PLAIN,LETTERS
Hok,PLAIN,LETTERS
1983,DATE,DIGIT
E,LETTERS,PLAIN
03,CARDINAL,DIGIT
Wiwa,PLAIN,LETTERS
-,PLAIN,VERBATIM
16,CARDINAL,DIGIT
UNHCR,PLAIN,LETTERS
Hrsmn,PLAIN,VERBATIM
UNSCEAR,PLAIN,LETTERS
ACK,LETTERS,PLAIN
stafn,PLAIN,LETTERS
xv,VERBATIM,LETTERS
pc,PLAIN,LETTERS
Kdrs,PLAIN,VERBATIM
gol,PLAIN,LETTERS
URB,LETTERS,PLAIN
-,VERBATIM,PLAIN
1974,DATE,CARDINAL
2012,CARDINAL,DATE
',LETTERS,PUNCT
Ke,PLAIN,LETTERS
2013,DATE,CARDINAL
Krzyz,PLAIN,LETTERS
Krapn,PLAIN,LETTERS
Srx,PLAIN,VERBATIM
ARBITRES,PLAIN,LETTERS
Solf,PLAIN,LETTERS
Phra,PLAIN,LETTERS
Soc,PLAIN,LETTERS
MIZTV,PLAIN,LETTERS
Abad,LETTERS,PLAIN
SCAR,LETTERS,PLAIN
2010,DATE,CARDINAL
1912,DATE,CARDINAL
Arwi,PLAIN,LETTERS
Asio,PLAIN,LETTERS
DIC,LETTERS,PLAIN
EMRs,PLAIN,LETTERS
DAPs,PLAIN,LETTERS
br,PLAIN,LETTERS
Fa,PLAIN,LETTERS
Wir,PLAIN,LETTERS
Siv,PLAIN,LETTERS
BRAC,LETTERS,PLAIN
38,CARDINAL,DIGIT
2008,CARDINAL,DATE
200 USD,MEASURE,MONEY
APUS,LETTERS,PLAIN
HITO,LETTERS,PLAIN
-,PUNCT,PLAIN
xv,VERBATIM,LETTERS
akel,LETTERS,PLAIN
OHL,LETTERS,PLAIN
Iuz,PLAIN,LETTERS
Csupo,PLAIN,LETTERS
SECNAV,PLAIN,LETTERS
2009,DATE,CARDINAL
RD,LETTERS,PLAIN
seu,PLAIN,LETTERS
K,LETTERS,PLAIN
Var,PLAIN,LETTERS
Sno,PLAIN,LETTERS
EM,PLAIN,LETTERS
GZIPPED,PLAIN,LETTERS
IIIa,LETTERS,PLAIN
ces,PLAIN,LETTERS
Symp,PLAIN,LETTERS
1996,DATE,CARDINAL
:,PLAIN,PUNCT
ETC,LETTERS,PLAIN
N,LETTERS,PLAIN
p,LETTERS,PLAIN
Ndo,PLAIN,LETTERS
MUZIB,PLAIN,LETTERS
Nawcz,PLAIN,LETTERS
IO's,PLAIN,LETTERS
reviewBlabbermouth.net,PLAIN,ELECTRONIC
Vaj,PLAIN,LETTERS
-,PUNCT,PLAIN
IT,PLAIN,LETTERS
Nea,PLAIN,LETTERS
efef,PLAIN,LETTERS
ARCL,PLAIN,LETTERS
Rayy,PLAIN,LETTERS
CNET,LETTERS,PLAIN
DOJ,PLAIN,LETTERS
II,CARDINAL,ORDINAL
GOTMILF,PLAIN,LETTERS
9780191568541,CARDINAL,DIGIT
y,LETTERS,PLAIN
SAHAJ,LETTERS,PLAIN
WILI,PLAIN,LETTERS
1966,DIGIT,DATE
Qar,PLAIN,LETTERS
IA,LETTERS,PLAIN
OPA,PLAIN,LETTERS
lke,PLAIN,LETTERS
BROM,LETTERS,PLAIN
pésmi,PLAIN,LETTERS
per m2,PLAIN,MEASURE
ARIAs,LETTERS,PLAIN
KOS,PLAIN,LETTERS
2007,DATE,CARDINAL
GER,PLAIN,LETTERS
APOD,LETTERS,PLAIN
2015,DATE,DIGIT
CASSETTI,PLAIN,LETTERS
FIDS,PLAIN,LETTERS
OSS,LETTERS,PLAIN
Reais,PLAIN,LETTERS
a,LETTERS,PLAIN
1996,DATE,CARDINAL
I,PLAIN,CARDINAL
-,PLAIN,PUNCT
JAMMA,LETTERS,PLAIN
Aldén,LETTERS,PLAIN
Dy,PLAIN,LETTERS
sef,PLAIN,LETTERS
Naon,PLAIN,LETTERS
1987,DATE,CARDINAL
REBT,PLAIN,LETTERS
ARASTIRMASI,PLAIN,LETTERS
Vez,PLAIN,LETTERS
eto,PLAIN,LETTERS
R,LETTERS,PLAIN
Vor,PLAIN,LETTERS
VAX,LETTERS,PLAIN
ES,LETTERS,PLAIN
6060,CARDINAL,DIGIT
2001::/32,CARDINAL,ELECTRONIC
IV,LETTERS,ORDINAL
2011,CARDINAL,DATE
apos,PLAIN,LETTERS
seu,PLAIN,LETTERS
iwi,PLAIN,LETTERS
EDA,LETTERS,PLAIN
2006,CARDINAL,DATE
Ohgi,PLAIN,LETTERS
Cion,PLAIN,LETTERS
IKEv,LETTERS,PLAIN
c,LETTERS,PLAIN
FETI,PLAIN,LETTERS
1991,DATE,CARDINAL
deja,LETTERS,PLAIN
S,PLAIN,LETTERS
CARB,PLAIN,LETTERS
Bi'ina,LETTERS,PLAIN
Ens,PLAIN,LETTERS
libdc,PLAIN,LETTERS
d,LETTERS,PLAIN
:,PLAIN,PUNCT
60,CARDINAL,DIGIT
SE,PLAIN,LETTERS
Zdroj,PLAIN,LETTERS
2000,DATE,CARDINAL
FDIC,LETTERS,PLAIN
cu,PLAIN,LETTERS
OFF,LETTERS,PLAIN
-,PUNCT,PLAIN
MEU,PLAIN,LETTERS
MATCH,LETTERS,PLAIN
wqo,PLAIN,LETTERS
Mroz,PLAIN,LETTERS
2013,CARDINAL,DATE
TUA,LETTERS,PLAIN
911,TELEPHONE,CARDINAL
FASE,PLAIN,LETTERS
cz,PLAIN,LETTERS
LUG,LETTERS,PLAIN
Engl,PLAIN,LETTERS
CARICOM's,PLAIN,LETTERS
ANARE,PLAIN,LETTERS
BATCH,LETTERS,PLAIN
ECO,LETTERS,PLAIN
Trpanj,PLAIN,LETTERS
1998,DATE,CARDINAL
Phra,PLAIN,LETTERS
ANT,LETTERS,PLAIN
W,LETTERS,PLAIN
cnn,PLAIN,LETTERS
Os,PLAIN,LETTERS
10,CARDINAL,DIGIT
FASII,PLAIN,LETTERS
xTRiPx,PLAIN,LETTERS
QUBO,LETTERS,PLAIN
mCPP,LETTERS,VERBATIM
Lic,PLAIN,LETTERS
Raas,PLAIN,LETTERS
Ahe,PLAIN,LETTERS
TIMP,LETTERS,PLAIN
THURISAZ,PLAIN,LETTERS
Aub,PLAIN,LETTERS
CEEB,PLAIN,LETTERS
COBRA,LETTERS,PLAIN
nutz,LETTERS,PLAIN
1925,DATE,CARDINAL
Munc,PLAIN,LETTERS
HUL,PLAIN,LETTERS
FRSE,PLAIN,LETTERS
1992,DATE,CARDINAL
Weh,PLAIN,LETTERS
2003,DATE,CARDINAL
Ind,PLAIN,LETTERS
CODESRIA,PLAIN,LETTERS
w,PLAIN,LETTERS
T'hy'la,PLAIN,LETTERS
FOAF,PLAIN,LETTERS
Iwao,PLAIN,LETTERS
Hp,LETTERS,VERBATIM
ARTENIO,PLAIN,LETTERS
Lleu,PLAIN,LETTERS
CO),LETTERS,PLAIN
Dlh,LETTERS,VERBATIM
fJ,LETTERS,VERBATIM
Zbrzyca,PLAIN,LETTERS
JALGO,PLAIN,LETTERS
BLU,LETTERS,PLAIN
1955,DATE,CARDINAL
Sogn,PLAIN,LETTERS
CaMV,PLAIN,LETTERS
Pha,PLAIN,LETTERS
2000,DATE,CARDINAL
SAMBO,LETTERS,PLAIN
Utba,PLAIN,LETTERS
lvia,LETTERS,PLAIN
JUCO,LETTERS,PLAIN
id,PLAIN,LETTERS
af,PLAIN,LETTERS
1116 CHF,DATE,MONEY
FOA,PLAIN,LETTERS
Baak,PLAIN,LETTERS
:,PLAIN,PUNCT
STAFETT-,PLAIN,LETTERS
Xiu's,PLAIN,LETTERS
V,LETTERS,PLAIN
SINTEF,PLAIN,LETTERS
a,LETTERS,PLAIN
Zhej,PLAIN,LETTERS
AWA,PLAIN,LETTERS
5521,CARDINAL,DIGIT
OWL,LETTERS,PLAIN
LN,LETTERS,PLAIN
truTV,PLAIN,LETTERS
Déagol,PLAIN,LETTERS
FREMM,PLAIN,LETTERS
Josée,PLAIN,LETTERS
FOAF,PLAIN,LETTERS
kuud,PLAIN,LETTERS
UE,PLAIN,LETTERS
X,CARDINAL,PLAIN
ORF,LETTERS,PLAIN
var,PLAIN,LETTERS
AYO,LETTERS,PLAIN
SEL,PLAIN,LETTERS
Ith,PLAIN,LETTERS
b,PLAIN,LETTERS
OctaFX,PLAIN,LETTERS
MRS,LETTERS,PLAIN
IV,LETTERS,ORDINAL
Cec,PLAIN,LETTERS
-,PLAIN,VERBATIM
AIAW,PLAIN,LETTERS
1,CARDINAL,DIGIT
"900,000 yen",DECIMAL,MONEY
:,PLAIN,PUNCT
Ws,PLAIN,LETTERS
MR,LETTERS,PLAIN
Phyu,PLAIN,LETTERS
KURGANOV,PLAIN,LETTERS
19,CARDINAL,DIGIT
lt,PLAIN,LETTERS
Nopp,PLAIN,LETTERS
2,DIGIT,CARDINAL
z,PLAIN,LETTERS
1961,CARDINAL,DATE
OAMTC,PLAIN,LETTERS
"47,415.9 m2",TELEPHONE,MEASURE
Uksa,PLAIN,LETTERS
Abdu'l,PLAIN,LETTERS
Zvi,PLAIN,LETTERS
Sasesc,PLAIN,LETTERS
TRANSIMS,PLAIN,LETTERS
uert,PLAIN,LETTERS
SM,LETTERS,PLAIN
ORS,LETTERS,PLAIN
CIRCA,LETTERS,PLAIN
Rin,PLAIN,LETTERS
Ger,PLAIN,LETTERS
Srsa,PLAIN,LETTERS
04,CARDINAL,DIGIT
glu,PLAIN,LETTERS
1964,CARDINAL,DATE
y,LETTERS,PLAIN
I,PLAIN,CARDINAL
Puiu,PLAIN,LETTERS
CVIII,LETTERS,CARDINAL
Sry,PLAIN,LETTERS
132SSP,MEASURE,MONEY
y,LETTERS,PLAIN
2004,CARDINAL,DATE
CONATEL,PLAIN,LETTERS
Geog,PLAIN,LETTERS
Elev,PLAIN,LETTERS
Juha,PLAIN,LETTERS
5,DIGIT,CARDINAL
137,CARDINAL,DIGIT
2007,DATE,CARDINAL
AT,LETTERS,PLAIN
Irek,PLAIN,LETTERS
Io,PLAIN,LETTERS
1930,DATE,CARDINAL
AZORIAN,PLAIN,LETTERS
SED-,PLAIN,LETTERS
2000,DATE,CARDINAL
ftp,PLAIN,LETTERS
2000,DATE,CARDINAL
AKUs,LETTERS,PLAIN
05,CARDINAL,DIGIT
Noy,PLAIN,LETTERS
EAZA,PLAIN,LETTERS
GHASIDAS,PLAIN,LETTERS
Revd,PLAIN,LETTERS
1944,DATE,CARDINAL
IM,PLAIN,LETTERS
Sed,PLAIN,LETTERS
t,PLAIN,LETTERS
Sénac,PLAIN,LETTERS
CHRONOSTRATIGRAPHY,PLAIN,LETTERS
g,LETTERS,PLAIN
US 420,MONEY,ADDRESS
Boj,PLAIN,LETTERS
cetvrtoj,PLAIN,LETTERS
KUGS,LETTERS,PLAIN
X,PLAIN,CARDINAL
p,LETTERS,PLAIN
TRESCOM,PLAIN,LETTERS
nth,LETTERS,VERBATIM
nup,LETTERS,PLAIN
62,CARDINAL,DIGIT
ORR,LETTERS,PLAIN
ASSECO,PLAIN,LETTERS
2010,DATE,CARDINAL
IMPI,LETTERS,PLAIN
LYCHGATE,PLAIN,LETTERS
Rijk,PLAIN,LETTERS
2004,DATE,CARDINAL
Sfar,PLAIN,LETTERS
ch'ai,LETTERS,PLAIN
2005,DATE,CARDINAL
EGYPTAIR,LETTERS,PLAIN
als,PLAIN,LETTERS
352,CARDINAL,DIGIT
4,CARDINAL,DIGIT
1 AU,DATE,MEASURE
SAF,PLAIN,LETTERS
Ecclésia,PLAIN,LETTERS
SCORE,LETTERS,PLAIN
Ati,PLAIN,LETTERS
Saed,PLAIN,LETTERS
PLA,LETTERS,PLAIN
Hok,PLAIN,LETTERS
uT,VERBATIM,PLAIN
422,CARDINAL,DECIMAL
2009,DATE,CARDINAL
Det,PLAIN,LETTERS
OMACs',LETTERS,PLAIN
UI,PLAIN,LETTERS
1976,DATE,DIGIT
CyBC,PLAIN,LETTERS
ODE,LETTERS,PLAIN
NIAS,LETTERS,PLAIN
af,PLAIN,LETTERS
CHISZ,PLAIN,LETTERS
Djiwa,PLAIN,LETTERS
Uj,PLAIN,LETTERS
ICE,LETTERS,PLAIN
EMEA,PLAIN,LETTERS
Acai,LETTERS,PLAIN
ndhF,PLAIN,VERBATIM
PUK,PLAIN,LETTERS
PILYA,PLAIN,LETTERS
BOAI,PLAIN,LETTERS
armhf,PLAIN,LETTERS
978-0-8446-1292-8.along,TELEPHONE,ELECTRONIC
NAWA,PLAIN,LETTERS
1923,CARDINAL,DATE
9,CARDINAL,DIGIT
1000,DATE,CARDINAL
COLBK,PLAIN,LETTERS
z,LETTERS,PLAIN
BE,LETTERS,PLAIN
SOORAJ,LETTERS,PLAIN
HPOEZ,PLAIN,LETTERS
--,VERBATIM,PUNCT
kj,PLAIN,LETTERS
Da'el,LETTERS,PLAIN
UR,LETTERS,PLAIN
RHA,LETTERS,PLAIN
Kdev,PLAIN,LETTERS
CPL,LETTERS,PLAIN
x,PLAIN,LETTERS
Ams,LETTERS,PLAIN
CAW,LETTERS,PLAIN
-,PUNCT,PLAIN
15,DIGIT,CARDINAL
bz,PLAIN,LETTERS
ARBiH,LETTERS,PLAIN
Peh,PLAIN,LETTERS
ds,PLAIN,VERBATIM
2015,DATE,CARDINAL
1974,DATE,CARDINAL
NG,LETTERS,PLAIN
16,CARDINAL,DIGIT
J'Son,PLAIN,LETTERS
Tze,PLAIN,LETTERS
123,CARDINAL,DECIMAL
moi,LETTERS,PLAIN
03,DIGIT,CARDINAL
AL,PLAIN,LETTERS
ESENT,LETTERS,PLAIN
104,CARDINAL,DIGIT
trkC,LETTERS,VERBATIM
mga,PLAIN,LETTERS
KALMAR,LETTERS,PLAIN
Oiwa,PLAIN,LETTERS
-,PLAIN,VERBATIM
Bjur,PLAIN,LETTERS
STATEMENTORS,PLAIN,LETTERS
NEO,LETTERS,PLAIN
gbrf,PLAIN,LETTERS
mrs,PLAIN,LETTERS
WHAM,LETTERS,PLAIN
Nuup,PLAIN,LETTERS
rol,PLAIN,LETTERS
1917,DATE,CARDINAL
2007,CARDINAL,DATE
LAPAM,PLAIN,LETTERS
2013,DATE,CARDINAL
Ebu,PLAIN,LETTERS
Okpe,PLAIN,LETTERS
ZrB,LETTERS,VERBATIM
200,CARDINAL,DECIMAL
2009,DATE,CARDINAL
WII,CARDINAL,PLAIN
Irrn,PLAIN,LETTERS
asc,PLAIN,LETTERS
Sborz,PLAIN,LETTERS
2004,DATE,CARDINAL
2008,DATE,CARDINAL
Lun,PLAIN,LETTERS
iZ,LETTERS,PLAIN
ONS,LETTERS,PLAIN
HUNC,PLAIN,LETTERS
Fhir,PLAIN,LETTERS
7820,DIGIT,CARDINAL
HALO,PLAIN,LETTERS
GLEW,LETTERS,PLAIN
V.,LETTERS,ORDINAL
1988,DATE,CARDINAL
p,PLAIN,LETTERS
l'APN,PLAIN,LETTERS
d,LETTERS,PLAIN
MEDICC,PLAIN,LETTERS
NIC,LETTERS,PLAIN
1989,DATE,CARDINAL
55,CARDINAL,DIGIT
p,PLAIN,LETTERS
3,CARDINAL,DIGIT
INHUMANITY,LETTERS,PLAIN
Mnet,PLAIN,LETTERS
cJ,LETTERS,VERBATIM
KWin,LETTERS,PLAIN
MISTRAM,PLAIN,LETTERS
601,DIGIT,CARDINAL
pm,PLAIN,VERBATIM
URB,LETTERS,PLAIN
RATTER,PLAIN,LETTERS
p,PLAIN,LETTERS
ES,LETTERS,PLAIN
Aun,PLAIN,LETTERS
-,PLAIN,VERBATIM
C.perfringens,PLAIN,ELECTRONIC
p,LETTERS,PLAIN
1990,DATE,CARDINAL
Suo,PLAIN,LETTERS
2010,CARDINAL,DATE
1,CARDINAL,DIGIT
-,PLAIN,VERBATIM
nj,VERBATIM,LETTERS
Ptah,PLAIN,LETTERS
dU,VERBATIM,PLAIN
1062,DIGIT,DATE
04,DIGIT,CARDINAL
Léren,PLAIN,LETTERS
1935,DATE,CARDINAL
GER,PLAIN,LETTERS
v,PLAIN,LETTERS
ACTIONAID,LETTERS,PLAIN
2015,DATE,DIGIT
biog,PLAIN,LETTERS
Revd,PLAIN,LETTERS
SUKHWINDER,PLAIN,LETTERS
ta'am,PLAIN,LETTERS
IPEDS,LETTERS,PLAIN
Vah,PLAIN,LETTERS
CIF,LETTERS,PLAIN
1922,DATE,CARDINAL
SPEC,LETTERS,PLAIN
07 A,DIGIT,CARDINAL
Pgp,PLAIN,VERBATIM
SHOWBUZZDAILY'S,LETTERS,PLAIN
Cyc,PLAIN,LETTERS
FABARM,LETTERS,PLAIN
n,LETTERS,PLAIN
pdf,LETTERS,VERBATIM
GoMA,LETTERS,PLAIN
V.,LETTERS,ORDINAL
1925,CARDINAL,DATE
Ljig,PLAIN,LETTERS
Aayko,PLAIN,LETTERS
IMP,LETTERS,PLAIN
tp,PLAIN,LETTERS
kD,LETTERS,VERBATIM
2,CARDINAL,DIGIT
OAU,PLAIN,LETTERS
sgb,PLAIN,LETTERS
RATP,PLAIN,LETTERS
AMSAT,LETTERS,PLAIN
Cuk,PLAIN,LETTERS
Nec,PLAIN,LETTERS
Undiscoveredscotland.co.ukPontius,PLAIN,ELECTRONIC
Ci,PLAIN,LETTERS
PL,LETTERS,PLAIN
2010,CARDINAL,DATE
6097,DIGIT,CARDINAL
csi,PLAIN,LETTERS
HOR,PLAIN,LETTERS
TIPNIS,LETTERS,PLAIN
ACEN,PLAIN,LETTERS
Iohn,PLAIN,LETTERS
Pwnage,PLAIN,LETTERS
ont,PLAIN,LETTERS
FARC,LETTERS,PLAIN
NATC,PLAIN,LETTERS
Rge,PLAIN,LETTERS
mmo,VERBATIM,LETTERS
Ngopa,PLAIN,LETTERS
Usal,PLAIN,LETTERS
Bac,PLAIN,LETTERS
Gebr,PLAIN,LETTERS
ERJ,PLAIN,LETTERS
Laer,PLAIN,LETTERS
EH,LETTERS,PLAIN
H,LETTERS,PLAIN
Nunc,PLAIN,LETTERS
ir,PLAIN,LETTERS
I,PLAIN,ORDINAL
UST,LETTERS,PLAIN
26502,DIGIT,CARDINAL
als,PLAIN,LETTERS
PINXIT,PLAIN,LETTERS
NGA,LETTERS,PLAIN
BiH,PLAIN,LETTERS
ISON,LETTERS,PLAIN
I,ORDINAL,PLAIN
A,LETTERS,PLAIN
II,CARDINAL,ORDINAL
J,LETTERS,PLAIN
Gta,PLAIN,LETTERS
Kuer,PLAIN,LETTERS
KsgA,PLAIN,LETTERS
KOTO,LETTERS,PLAIN
AAN,LETTERS,PLAIN
2312,DIGIT,CARDINAL
1999,CARDINAL,DATE
IV,CARDINAL,LETTERS
2014,DATE,CARDINAL
Moj,PLAIN,LETTERS
ISM,LETTERS,PLAIN
Svai,PLAIN,LETTERS
Pir,PLAIN,LETTERS
VI,ORDINAL,PLAIN
Ass,LETTERS,PLAIN
IMP,LETTERS,PLAIN
NAE,LETTERS,PLAIN
Imdb,PLAIN,LETTERS
SRAP,PLAIN,LETTERS
SMAK,LETTERS,PLAIN
690,CARDINAL,DECIMAL
-,PUNCT,PLAIN
93,CARDINAL,DECIMAL
1116 CHF,DATE,MONEY
BUILD,LETTERS,PLAIN
PUP,LETTERS,PLAIN
p,PLAIN,LETTERS
SMeCK,LETTERS,PLAIN
ERFINDER,PLAIN,LETTERS
2002,DATE,CARDINAL
-,VERBATIM,PLAIN
Saso,PLAIN,LETTERS
1997,DATE,CARDINAL
AQHA,LETTERS,PLAIN
IX,ORDINAL,PLAIN
nl,PLAIN,LETTERS
Aqa,PLAIN,LETTERS
Vrsac,PLAIN,LETTERS
ncse,PLAIN,LETTERS
2,CARDINAL,DIGIT
STRAC,LETTERS,PLAIN
COMSTAC,PLAIN,LETTERS
1599,DATE,CARDINAL
2,DIGIT,CARDINAL
BABYLIM,PLAIN,LETTERS
cDc,LETTERS,VERBATIM
1913,DATE,DIGIT
Conc,PLAIN,LETTERS
X,LETTERS,PLAIN
KOMST,PLAIN,LETTERS
Dubh,PLAIN,LETTERS
KOOPA,LETTERS,PLAIN
515 ,CARDINAL,DIGIT
Nof,PLAIN,LETTERS
sqn,VERBATIM,PLAIN
MUBI,LETTERS,PLAIN
TOC,LETTERS,PLAIN
2013,DATE,CARDINAL
I,ORDINAL,PLAIN
MSS,PLAIN,LETTERS
138,CARDINAL,DIGIT
MR,LETTERS,PLAIN
idei,PLAIN,LETTERS
13,CARDINAL,DECIMAL
I,PLAIN,ORDINAL
Det,PLAIN,LETTERS
nazw,PLAIN,LETTERS
ULIP,LETTERS,PLAIN
UNHAS,PLAIN,LETTERS
ul,LETTERS,PLAIN
Ceel,PLAIN,LETTERS
3,CARDINAL,DIGIT
2012,DATE,CARDINAL
Fa,PLAIN,LETTERS
y,LETTERS,PLAIN
INSEAD,PLAIN,LETTERS
TIBA,PLAIN,LETTERS
9811860,CARDINAL,DIGIT
26001.005,CARDINAL,DECIMAL
JEFF,LETTERS,PLAIN
gun,LETTERS,PLAIN
OZ,LETTERS,PLAIN
ULI,LETTERS,PLAIN
Yuanwang-,PLAIN,LETTERS
2015,CARDINAL,DATE
LL,LETTERS,PLAIN
nan,PLAIN,LETTERS
RAMSA,PLAIN,LETTERS
ce,PLAIN,LETTERS
CIDRAP,PLAIN,LETTERS
s,PLAIN,LETTERS
Odoi,PLAIN,LETTERS
T,LETTERS,PLAIN
Meb,PLAIN,LETTERS
dt',PLAIN,LETTERS
EVO,LETTERS,PLAIN
CHOGM,PLAIN,LETTERS
Xbiz,PLAIN,LETTERS
"12012, ",CARDINAL,DIGIT
EMK,PLAIN,LETTERS
Boao,PLAIN,LETTERS
Egm,PLAIN,LETTERS
Raqs,PLAIN,LETTERS
ATMOS,LETTERS,PLAIN
1,CARDINAL,DIGIT
sonr,PLAIN,LETTERS
11,CARDINAL,DIGIT
2001,DATE,DIGIT
m,PLAIN,LETTERS
Lawi,PLAIN,LETTERS
1914,DIGIT,DATE
tv,LETTERS,VERBATIM
ODOT,LETTERS,PLAIN
1,CARDINAL,DIGIT
DOCG,PLAIN,LETTERS
af,PLAIN,LETTERS
COCINERO,PLAIN,LETTERS
Bei,PLAIN,LETTERS
WELS,LETTERS,PLAIN
Esla,PLAIN,LETTERS
MR,LETTERS,PLAIN
2014,DATE,DIGIT
Sadd,PLAIN,LETTERS
BADALGACHHI,PLAIN,LETTERS
Pir,PLAIN,LETTERS
ABI,LETTERS,PLAIN
2006,CARDINAL,DATE
BOB,LETTERS,PLAIN
-0 / 9188880230,TELEPHONE,FRACTION
Smac,PLAIN,LETTERS
6,DIGIT,CARDINAL
RULES,PLAIN,LETTERS
2012,DATE,CARDINAL
2006,DATE,CARDINAL
1,CARDINAL,DIGIT
SURTASS,PLAIN,LETTERS
2016,CARDINAL,DATE
Dei,PLAIN,LETTERS
AS,PLAIN,LETTERS
HIP,LETTERS,PLAIN
-,PLAIN,VERBATIM
OMI,PLAIN,LETTERS
MEMS,PLAIN,LETTERS
Davvd,PLAIN,LETTERS
pshe,PLAIN,LETTERS
Hyva,LETTERS,PLAIN
FUDOSI,PLAIN,LETTERS
MUME,PLAIN,LETTERS
RISC,LETTERS,PLAIN
BIG's,LETTERS,PLAIN
OCTA,LETTERS,PLAIN
ELECTRICMOOD,PLAIN,LETTERS
V,LETTERS,PLAIN
p,PLAIN,LETTERS
LTD,LETTERS,PLAIN
2012,DATE,CARDINAL
OLI,LETTERS,PLAIN
SKIES,LETTERS,PLAIN
Naa,LETTERS,PLAIN
OW,LETTERS,PLAIN
Nak,PLAIN,LETTERS
Als,PLAIN,LETTERS
1344,DATE,DIGIT
1977,DATE,CARDINAL
EX,LETTERS,PLAIN
KUQI,PLAIN,LETTERS
ils,PLAIN,LETTERS
II,CARDINAL,ORDINAL
ASCO,LETTERS,PLAIN
RugbyFootballHistory.comA,PLAIN,ELECTRONIC
Lun,PLAIN,LETTERS
Qu,PLAIN,LETTERS
2014,DATE,CARDINAL
zugl,LETTERS,PLAIN
SCIRI,PLAIN,LETTERS
Dhe,PLAIN,LETTERS
ct,LETTERS,PLAIN
B,LETTERS,PLAIN
2004,DATE,CARDINAL
Ss,PLAIN,LETTERS
:,PLAIN,PUNCT
R,LETTERS,PLAIN
ECh,LETTERS,PLAIN
1959,DATE,CARDINAL
Gmel,PLAIN,LETTERS
2009,DATE,CARDINAL
RetailOnlineIntegration.com,PLAIN,ELECTRONIC
2,CARDINAL,DIGIT
2 dec.,MEASURE,DATE
2,DIGIT,CARDINAL
Zeo,PLAIN,LETTERS
3318,DIGIT,CARDINAL
p,PLAIN,LETTERS
Misr,PLAIN,LETTERS
Oirr,PLAIN,LETTERS
2003,DATE,DIGIT
UEFI,PLAIN,LETTERS
ke,PLAIN,LETTERS
SI,PLAIN,LETTERS
GU,PLAIN,LETTERS
Ife,PLAIN,LETTERS
Loi,PLAIN,LETTERS
viii,PLAIN,LETTERS
V,PLAIN,ORDINAL
2000,DATE,CARDINAL
szt,PLAIN,VERBATIM
Baadj,PLAIN,LETTERS
IS,LETTERS,PLAIN
2011,CARDINAL,DATE
GiMA,PLAIN,LETTERS
ABR,PLAIN,LETTERS
MTN,LETTERS,PLAIN
Oza,LETTERS,PLAIN
"19,000 million",MONEY,DECIMAL
CECAFA,PLAIN,LETTERS
Paes,PLAIN,LETTERS
Dir,PLAIN,LETTERS
AMANDA,LETTERS,PLAIN
2014,DIGIT,DATE
1,CARDINAL,DIGIT
epes,LETTERS,PLAIN
V,PLAIN,CARDINAL
M,LETTERS,PLAIN
IPEDS,LETTERS,PLAIN
RAC,PLAIN,LETTERS
CONAMAQ,PLAIN,LETTERS
MAGA,PLAIN,LETTERS
CRISPR,PLAIN,LETTERS
Nama,PLAIN,LETTERS
Sei,PLAIN,LETTERS
BrOCO,LETTERS,PLAIN
ATRAND,PLAIN,LETTERS
Arv,PLAIN,LETTERS
zr,PLAIN,LETTERS
Dez,PLAIN,LETTERS
VERGOGNA,PLAIN,LETTERS
eGIF,LETTERS,PLAIN
p,PLAIN,LETTERS
1988,DATE,CARDINAL
KUBS,LETTERS,PLAIN
EFT,LETTERS,PLAIN
Fyn,PLAIN,LETTERS
2013,CARDINAL,DATE
14-9-0,DATE,TELEPHONE
a,PLAIN,LETTERS
MPEG,LETTERS,PLAIN
6,CARDINAL,DIGIT
Lyul,PLAIN,LETTERS
PEPFAR,PLAIN,LETTERS
PANDORA,LETTERS,PLAIN
DEC,LETTERS,PLAIN
I,PLAIN,ORDINAL
hd,PLAIN,LETTERS
yr,LETTERS,PLAIN
w,PLAIN,LETTERS
SOA,PLAIN,LETTERS
2010,DATE,CARDINAL
Werl,PLAIN,LETTERS
2014,DATE,CARDINAL
FAUST,LETTERS,PLAIN
RPTPmu,PLAIN,LETTERS
MT,LETTERS,PLAIN
SIGKDD,PLAIN,LETTERS
OFT,LETTERS,PLAIN
KORL,PLAIN,LETTERS
MC,LETTERS,ORDINAL
LASIK,LETTERS,PLAIN
LEGISALTIVE,PLAIN,LETTERS
WA,PLAIN,LETTERS
11,CARDINAL,DIGIT
g,PLAIN,LETTERS
Ke,PLAIN,LETTERS
PL,LETTERS,PLAIN
MIY,PLAIN,LETTERS
qut,PLAIN,LETTERS
Zod,PLAIN,LETTERS
AFLA,LETTERS,PLAIN
p,PLAIN,LETTERS
BEME,PLAIN,LETTERS
1997,DATE,CARDINAL
42,CARDINAL,DIGIT
1939,CARDINAL,DATE
SCIOGLIMENTO,PLAIN,LETTERS
2010,CARDINAL,DATE
PRO,PLAIN,LETTERS
6,CARDINAL,DIGIT
AUTO,LETTERS,PLAIN
Brk,PLAIN,VERBATIM
ALS,PLAIN,LETTERS
CRAY,LETTERS,PLAIN
PAGASA,LETTERS,PLAIN
Toh,PLAIN,LETTERS
Mgimwa,PLAIN,LETTERS
TINIG,PLAIN,LETTERS
'jogesh,ELECTRONIC,PLAIN
ANALECTA,PLAIN,LETTERS
III,ORDINAL,CARDINAL
Dj,PLAIN,VERBATIM
2012,CARDINAL,DATE
PREVIEW,LETTERS,PLAIN
58,CARDINAL,DIGIT
Ohta,PLAIN,LETTERS
MePPP,PLAIN,LETTERS
NODELAY,PLAIN,LETTERS
4,CARDINAL,DIGIT
2012,DATE,CARDINAL
OIRDS,PLAIN,LETTERS
.220AU,DECIMAL,MEASURE
1967,DATE,CARDINAL
2015,DATE,CARDINAL
Wau,PLAIN,LETTERS
2003,DATE,CARDINAL
ETC,LETTERS,PLAIN
Ojha,PLAIN,LETTERS
AWS,LETTERS,PLAIN
Attn,PLAIN,LETTERS
386,CARDINAL,DIGIT
1970,DIGIT,DATE
ir,PLAIN,LETTERS
EMERGIA,PLAIN,LETTERS
6,CARDINAL,DIGIT
PvE,VERBATIM,LETTERS
cpr,PLAIN,VERBATIM
09,CARDINAL,DIGIT
ez,PLAIN,LETTERS
jpn,PLAIN,VERBATIM
Cissé,PLAIN,LETTERS
XIII,CARDINAL,ORDINAL
sua,PLAIN,LETTERS
Io,PLAIN,LETTERS
3,CARDINAL,DIGIT
OAM,PLAIN,LETTERS
2014,CARDINAL,DATE
Hok,PLAIN,LETTERS
umbc,PLAIN,LETTERS
2,DIGIT,CARDINAL
AUF,LETTERS,PLAIN
6,DIGIT,CARDINAL
UU,PLAIN,LETTERS
c,LETTERS,PLAIN
km,LETTERS,VERBATIM
Vam,PLAIN,LETTERS
st,PLAIN,LETTERS
azul,LETTERS,PLAIN
IFS,LETTERS,PLAIN
2007,DATE,CARDINAL
BNET,PLAIN,LETTERS
LOBI,PLAIN,LETTERS
Asso.frDocuments,PLAIN,ELECTRONIC
by'Ponc,PLAIN,LETTERS
AKhRR,PLAIN,LETTERS
vs,PLAIN,LETTERS
00624,TELEPHONE,DIGIT
gresql,PLAIN,LETTERS
Liit,PLAIN,LETTERS
EETs,LETTERS,PLAIN
ISI,LETTERS,PLAIN
HEAO,PLAIN,LETTERS
IARPIDI,PLAIN,LETTERS
BURACO,PLAIN,LETTERS
SHOO,LETTERS,PLAIN
CELP,PLAIN,LETTERS
Misr,PLAIN,LETTERS
Fase,PLAIN,LETTERS
mes,PLAIN,LETTERS
AlF,LETTERS,PLAIN
Deg,PLAIN,LETTERS
c,LETTERS,PLAIN
SO,PLAIN,LETTERS
DISIPLINLERARASI,PLAIN,LETTERS
NIAS,LETTERS,PLAIN
seok,PLAIN,LETTERS
engl,PLAIN,LETTERS
Jicu,PLAIN,LETTERS
UT,LETTERS,PLAIN
q,PLAIN,LETTERS
Aang,LETTERS,PLAIN
Thr,PLAIN,VERBATIM
2009,CARDINAL,DATE
ees,PLAIN,LETTERS
Dna,PLAIN,LETTERS
Vdvoem,PLAIN,LETTERS
COBISS,PLAIN,LETTERS
EMU,LETTERS,PLAIN
4490,CARDINAL,DIGIT
OA,LETTERS,PLAIN
101910/11,CARDINAL,FRACTION
Mes,PLAIN,LETTERS
ACU,PLAIN,LETTERS
2,DIGIT,CARDINAL
2000,DATE,CARDINAL
2003,DATE,CARDINAL
tok,PLAIN,LETTERS
feet,VERBATIM,PLAIN
Ubos,PLAIN,LETTERS
4 ,DIGIT,CARDINAL
Oum,PLAIN,LETTERS
DISAYANG,PLAIN,LETTERS
src,PLAIN,VERBATIM
II,ORDINAL,CARDINAL
-,PUNCT,PLAIN
hrt,PLAIN,VERBATIM
bij,PLAIN,LETTERS
DUBs,LETTERS,PLAIN
mtDNA,PLAIN,LETTERS
Kyyiv,PLAIN,LETTERS
7,DIGIT,CARDINAL
cst,PLAIN,LETTERS
NAE,LETTERS,PLAIN
1386,DIGIT,DATE
Lidén,PLAIN,LETTERS
AH,PLAIN,LETTERS
EFE,LETTERS,PLAIN
SCAM,LETTERS,PLAIN
50,DIGIT,CARDINAL
Dod,PLAIN,LETTERS
5,CARDINAL,DIGIT
Caos,PLAIN,LETTERS
3,CARDINAL,DIGIT
2007,CARDINAL,DATE
AE,PLAIN,LETTERS
sr,PLAIN,LETTERS
fua,PLAIN,LETTERS
Sylt,PLAIN,LETTERS
Neh,PLAIN,LETTERS
TOKIO,LETTERS,PLAIN
gby,PLAIN,LETTERS
COMSAT,LETTERS,PLAIN
1925,DATE,CARDINAL
WHA,LETTERS,PLAIN
9,DIGIT,CARDINAL
